{"cameraMode":{"drawMode":0,"name":"Shaded","section":"Shading Mode"},"sceneLighting":true,"audioPlay":false,"sceneViewState":{"showFog":true,"showMaterialUpdate":false,"showSkybox":true,"showFlares":true,"showImageEffects":true,"showParticleSystems":true},"in2DMode":false,"pivot":{"x":-0.0013661384582519532,"y":0.022664666175842286,"z":-0.004944801330566406},"rotation":{"x":-0.015082111582159996,"y":0.9846080541610718,"z":-0.11005138605833054,"w":-0.13493794202804566},"size":10.0,"orthographic":false}